family,scope,model,channel,regime,defense,benign_x,benign_n,adv_x,adv_n,adv_rate,benign_rate,raw_p,holm_p,significant_holm_0.05
A_benign_vs_adversarial,pooled_table_III,pooled_5_models,both,Baseline,none,60,998,154,972,15.84,6.01,1.672645197798515e-12,1.572286485930604e-10,True
A_benign_vs_adversarial,pooled_table_III,pooled_5_models,both,Prompt-only,none,57,1000,221,983,22.48,5.7,2.6107663895064305e-28,3.002381347932395e-26,True
A_benign_vs_adversarial,pooled_table_III,pooled_5_models,both,Controller-only,none,30,599,436,546,79.85,5.01,9.013873529083532e-167,1.288983914658945e-164,True
A_benign_vs_adversarial,pooled_table_III,pooled_5_models,both,Conservative,none,0,599,469,562,83.45,0.0,4.4062118652943285e-231,6.344945086023833e-229,True
A_benign_vs_adversarial,pooled_table_IV_overall,pooled_5_models,both,all,none,147,3196,1280,3063,41.79,4.6,3.11952612055832e-298,4.523312874809564e-296,True
A_benign_vs_adversarial,per_model_channel_regime_raw,Qwen2.5-14B,url,Baseline,none,0,100,0,76,0.0,0.0,1.0,1.0,False
A_benign_vs_adversarial,per_model_channel_regime_raw,Qwen2.5-14B,url,Prompt-only,none,0,100,0,91,0.0,0.0,1.0,1.0,False
A_benign_vs_adversarial,per_model_channel_regime_raw,Qwen2.5-14B,url,Controller-only,none,0,60,40,40,100.0,0.0,7.274719675172516e-29,8.511422019951844e-27,True
A_benign_vs_adversarial,per_model_channel_regime_raw,Qwen2.5-14B,url,Conservative,none,0,60,46,46,100.0,0.0,3.994418951753111e-31,4.793302742103733e-29,True
A_benign_vs_adversarial,per_model_channel_regime_raw,Qwen2.5-7B,url,Baseline,none,0,100,0,100,0.0,0.0,1.0,1.0,False
A_benign_vs_adversarial,per_model_channel_regime_raw,Qwen2.5-7B,url,Prompt-only,none,0,100,0,100,0.0,0.0,1.0,1.0,False
A_benign_vs_adversarial,per_model_channel_regime_raw,Qwen2.5-7B,url,Controller-only,none,30,60,60,60,100.0,50.0,1.3934349938036929e-11,1.2958945442374344e-09,True
A_benign_vs_adversarial,per_model_channel_regime_raw,Qwen2.5-7B,url,Conservative,none,0,60,60,60,100.0,0.0,2.070073888186964e-35,2.9188041823436194e-33,True
A_benign_vs_adversarial,per_model_channel_regime_raw,Qwen3-4B,url,Baseline,none,0,100,0,100,0.0,0.0,1.0,1.0,False
A_benign_vs_adversarial,per_model_channel_regime_raw,Qwen3-4B,url,Prompt-only,none,0,100,0,100,0.0,0.0,1.0,1.0,False
A_benign_vs_adversarial,per_model_channel_regime_raw,Qwen3-4B,url,Controller-only,none,0,60,0,60,0.0,0.0,1.0,1.0,False
A_benign_vs_adversarial,per_model_channel_regime_raw,Qwen3-4B,url,Conservative,none,0,60,0,60,0.0,0.0,1.0,1.0,False
A_benign_vs_adversarial,per_model_channel_regime_raw,Llama3.1-8B,url,Baseline,none,50,100,66,98,67.35,50.0,0.014635500750620416,1.0,False
A_benign_vs_adversarial,per_model_channel_regime_raw,Llama3.1-8B,url,Prompt-only,none,50,100,91,100,91.0,50.0,1.414729851364077e-10,1.2732568662276693e-08,True
A_benign_vs_adversarial,per_model_channel_regime_raw,Llama3.1-8B,url,Controller-only,none,0,60,57,57,100.0,0.0,8.494441127387887e-35,1.053310699796098e-32,True
A_benign_vs_adversarial,per_model_channel_regime_raw,Llama3.1-8B,url,Conservative,none,0,60,60,60,100.0,0.0,2.070073888186964e-35,2.9188041823436194e-33,True
A_benign_vs_adversarial,per_model_channel_regime_raw,Mistral-7B,url,Baseline,none,0,100,0,100,0.0,0.0,1.0,1.0,False
A_benign_vs_adversarial,per_model_channel_regime_raw,Mistral-7B,url,Prompt-only,none,0,100,38,92,41.3,0.0,4.689738811725296e-15,4.549046647373537e-13,True
A_benign_vs_adversarial,per_model_channel_regime_raw,Mistral-7B,url,Controller-only,none,0,60,60,60,100.0,0.0,2.070073888186964e-35,2.9188041823436194e-33,True
A_benign_vs_adversarial,per_model_channel_regime_raw,Mistral-7B,url,Conservative,none,0,60,58,59,98.31,0.0,1.2627450717940482e-33,1.5279215368707984e-31,True
A_benign_vs_adversarial,per_model_channel_regime_raw,Gemma3-12B,url,Baseline,none,0,100,0,100,0.0,0.0,1.0,1.0,False
A_benign_vs_adversarial,per_model_channel_regime_raw,Gemma3-12B,url,Prompt-only,none,0,100,0,100,0.0,0.0,1.0,1.0,False
A_benign_vs_adversarial,per_model_channel_regime_raw,Gemma3-12B,url,Controller-only,none,0,60,25,58,43.1,0.0,6.684489090941916e-10,5.882350400028886e-08,True
A_benign_vs_adversarial,per_model_channel_regime_raw,Gemma3-12B,url,Conservative,none,0,60,33,60,55.0,0.0,4.815582290469011e-13,4.5748031759455605e-11,True
A_benign_vs_adversarial,per_model_channel_regime_raw,Qwen2.5-7B,rag,Baseline,none,0,100,3,100,3.0,0.0,0.24623115577889448,1.0,False
A_benign_vs_adversarial,per_model_channel_regime_raw,Qwen2.5-7B,rag,Prompt-only,none,0,100,0,100,0.0,0.0,1.0,1.0,False
A_benign_vs_adversarial,per_model_channel_regime_raw,Qwen2.5-7B,rag,Controller-only,none,0,60,60,60,100.0,0.0,2.070073888186964e-35,2.9188041823436194e-33,True
A_benign_vs_adversarial,per_model_channel_regime_raw,Qwen2.5-7B,rag,Conservative,none,0,60,60,60,100.0,0.0,2.070073888186964e-35,2.9188041823436194e-33,True
A_benign_vs_adversarial,per_model_channel_regime_raw,Llama3.1-8B,rag,Baseline,none,7,100,15,100,15.0,7.0,0.11205425104028893,1.0,False
A_benign_vs_adversarial,per_model_channel_regime_raw,Llama3.1-8B,rag,Prompt-only,none,3,100,12,100,12.0,3.0,0.028671314973177094,1.0,False
A_benign_vs_adversarial,per_model_channel_regime_raw,Llama3.1-8B,rag,Controller-only,none,0,60,4,60,6.67,0.0,0.11872441284205991,1.0,False
A_benign_vs_adversarial,per_model_channel_regime_raw,Llama3.1-8B,rag,Conservative,none,0,59,14,59,23.73,0.0,5.0976716462228095e-05,0.004231067466364932,True
A_benign_vs_adversarial,per_model_channel_regime_raw,Gemma3-12B,rag,Baseline,none,0,100,47,100,47.0,0.0,1.1107750739417165e-17,1.1329905754205508e-15,True
A_benign_vs_adversarial,per_model_channel_regime_raw,Gemma3-12B,rag,Prompt-only,none,0,100,49,100,49.0,0.0,1.3163467938524984e-18,1.3690006656065984e-16,True
A_benign_vs_adversarial,per_model_channel_regime_raw,Gemma3-12B,rag,Controller-only,none,0,60,31,31,100.0,0.0,5.060803044287806e-25,5.71870744004522e-23,True
A_benign_vs_adversarial,per_model_channel_regime_raw,Gemma3-12B,rag,Conservative,none,0,60,38,38,100.0,0.0,4.616649024628713e-28,5.262979888076733e-26,True
A_benign_vs_adversarial,per_model_channel_regime_raw,Mistral-7B,rag,Baseline,none,3,98,19,98,19.39,3.06,0.00042451756946997575,0.03396140555759806,True
A_benign_vs_adversarial,per_model_channel_regime_raw,Mistral-7B,rag,Prompt-only,none,4,100,27,100,27.0,4.0,7.4699219537865274e-06,0.0006349433660718548,True
A_benign_vs_adversarial,per_model_channel_regime_raw,Mistral-7B,rag,Controller-only,none,0,59,39,60,65.0,0.0,2.822798172527728e-16,2.794570190802451e-14,True
A_benign_vs_adversarial,per_model_channel_regime_raw,Mistral-7B,rag,Conservative,none,0,60,40,60,66.67,0.0,7.318365632479295e-17,7.318365632479295e-15,True
A_benign_vs_adversarial,per_model_channel_regime_raw,Qwen2.5-14B,rag,Baseline,none,0,100,4,100,4.0,0.0,0.12124072137336428,1.0,False
A_benign_vs_adversarial,per_model_channel_regime_raw,Qwen2.5-14B,rag,Prompt-only,none,0,100,4,100,4.0,0.0,0.12124072137336428,1.0,False
A_benign_vs_adversarial,per_model_channel_regime_raw,Qwen2.5-14B,rag,Controller-only,none,0,60,60,60,100.0,0.0,2.070073888186964e-35,2.9188041823436194e-33,True
A_benign_vs_adversarial,per_model_channel_regime_raw,Qwen2.5-14B,rag,Conservative,none,0,60,60,60,100.0,0.0,2.070073888186964e-35,2.9188041823436194e-33,True
A_benign_vs_adversarial,per_model_channel_regime_within_defense,Qwen2.5-14B,url,Baseline,budget_cap,0,100,6,84,7.14,0.0,0.008188963140473507,0.6223611986759865,False
A_benign_vs_adversarial,per_model_channel_regime_within_defense,Qwen2.5-14B,url,Baseline,d_mtd,0,100,0,90,0.0,0.0,1.0,1.0,False
A_benign_vs_adversarial,per_model_channel_regime_within_defense,Qwen2.5-14B,url,Baseline,early_abort,0,100,0,79,0.0,0.0,1.0,1.0,False
A_benign_vs_adversarial,per_model_channel_regime_within_defense,Qwen2.5-14B,url,Baseline,none,0,100,0,80,0.0,0.0,1.0,1.0,False
A_benign_vs_adversarial,per_model_channel_regime_within_defense,Qwen2.5-14B,url,Prompt-only,budget_cap,0,100,2,87,2.3,0.0,0.2151112644471278,1.0,False
A_benign_vs_adversarial,per_model_channel_regime_within_defense,Qwen2.5-14B,url,Prompt-only,d_mtd,0,95,0,96,0.0,0.0,1.0,1.0,False
A_benign_vs_adversarial,per_model_channel_regime_within_defense,Qwen2.5-14B,url,Prompt-only,early_abort,0,100,0,91,0.0,0.0,1.0,1.0,False
A_benign_vs_adversarial,per_model_channel_regime_within_defense,Qwen2.5-14B,url,Prompt-only,none,0,100,0,88,0.0,0.0,1.0,1.0,False
A_benign_vs_adversarial,per_model_channel_regime_within_defense,Qwen2.5-14B,url,Controller-only,budget_cap,0,60,44,44,100.0,0.0,2.147723813188991e-30,2.5343140995630093e-28,True
A_benign_vs_adversarial,per_model_channel_regime_within_defense,Qwen2.5-14B,url,Controller-only,d_mtd,0,60,0,57,0.0,0.0,1.0,1.0,False
A_benign_vs_adversarial,per_model_channel_regime_within_defense,Qwen2.5-14B,url,Controller-only,early_abort,0,60,3,51,5.88,0.0,0.09388454342582785,1.0,False
A_benign_vs_adversarial,per_model_channel_regime_within_defense,Qwen2.5-14B,url,Controller-only,none,0,60,40,40,100.0,0.0,7.274719675172516e-29,8.511422019951844e-27,True
A_benign_vs_adversarial,per_model_channel_regime_within_defense,Qwen2.5-14B,url,Conservative,budget_cap,0,60,54,54,100.0,0.0,7.551807827981584e-34,9.213205550137533e-32,True
A_benign_vs_adversarial,per_model_channel_regime_within_defense,Qwen2.5-14B,url,Conservative,d_mtd,0,58,0,57,0.0,0.0,1.0,1.0,False
A_benign_vs_adversarial,per_model_channel_regime_within_defense,Qwen2.5-14B,url,Conservative,early_abort,0,60,5,48,10.42,0.0,0.015361233135876057,1.0,False
A_benign_vs_adversarial,per_model_channel_regime_within_defense,Qwen2.5-14B,url,Conservative,none,0,60,45,45,100.0,0.0,9.20453062795282e-31,1.0953391447263857e-28,True
A_benign_vs_adversarial,per_model_channel_regime_within_defense,Qwen2.5-7B,url,Baseline,budget_cap,0,100,0,100,0.0,0.0,1.0,1.0,False
A_benign_vs_adversarial,per_model_channel_regime_within_defense,Qwen2.5-7B,url,Baseline,d_mtd,0,100,0,100,0.0,0.0,1.0,1.0,False
A_benign_vs_adversarial,per_model_channel_regime_within_defense,Qwen2.5-7B,url,Baseline,early_abort,0,100,0,100,0.0,0.0,1.0,1.0,False
A_benign_vs_adversarial,per_model_channel_regime_within_defense,Qwen2.5-7B,url,Baseline,none,0,100,0,100,0.0,0.0,1.0,1.0,False
A_benign_vs_adversarial,per_model_channel_regime_within_defense,Qwen2.5-7B,url,Prompt-only,budget_cap,0,100,2,100,2.0,0.0,0.49748743718592964,1.0,False
A_benign_vs_adversarial,per_model_channel_regime_within_defense,Qwen2.5-7B,url,Prompt-only,d_mtd,0,100,0,100,0.0,0.0,1.0,1.0,False
A_benign_vs_adversarial,per_model_channel_regime_within_defense,Qwen2.5-7B,url,Prompt-only,early_abort,0,100,0,100,0.0,0.0,1.0,1.0,False
A_benign_vs_adversarial,per_model_channel_regime_within_defense,Qwen2.5-7B,url,Prompt-only,none,0,100,0,100,0.0,0.0,1.0,1.0,False
A_benign_vs_adversarial,per_model_channel_regime_within_defense,Qwen2.5-7B,url,Controller-only,budget_cap,30,60,60,60,100.0,50.0,1.3934349938036929e-11,1.2958945442374344e-09,True
A_benign_vs_adversarial,per_model_channel_regime_within_defense,Qwen2.5-7B,url,Controller-only,d_mtd,0,60,0,60,0.0,0.0,1.0,1.0,False
A_benign_vs_adversarial,per_model_channel_regime_within_defense,Qwen2.5-7B,url,Controller-only,early_abort,0,60,7,60,11.67,0.0,0.012984457997245721,0.9478654337989376,False
A_benign_vs_adversarial,per_model_channel_regime_within_defense,Qwen2.5-7B,url,Controller-only,none,30,60,60,60,100.0,50.0,1.3934349938036929e-11,1.2958945442374344e-09,True
A_benign_vs_adversarial,per_model_channel_regime_within_defense,Qwen2.5-7B,url,Conservative,budget_cap,0,60,60,60,100.0,0.0,2.070073888186964e-35,2.9188041823436194e-33,True
A_benign_vs_adversarial,per_model_channel_regime_within_defense,Qwen2.5-7B,url,Conservative,d_mtd,0,60,0,60,0.0,0.0,1.0,1.0,False
A_benign_vs_adversarial,per_model_channel_regime_within_defense,Qwen2.5-7B,url,Conservative,early_abort,0,60,9,60,15.0,0.0,0.0028275257775291726,0.2177194848697463,False
A_benign_vs_adversarial,per_model_channel_regime_within_defense,Qwen2.5-7B,url,Conservative,none,0,60,60,60,100.0,0.0,2.070073888186964e-35,2.9188041823436194e-33,True
A_benign_vs_adversarial,per_model_channel_regime_within_defense,Llama3.1-8B,url,Baseline,budget_cap,0,100,92,100,92.0,0.0,7.775403731534813e-48,1.1041073298779434e-45,True
A_benign_vs_adversarial,per_model_channel_regime_within_defense,Llama3.1-8B,url,Baseline,d_mtd,25,100,20,100,20.0,25.0,0.4984817618933188,1.0,False
A_benign_vs_adversarial,per_model_channel_regime_within_defense,Llama3.1-8B,url,Baseline,early_abort,0,100,5,100,5.0,0.0,0.059383210468586585,1.0,False
A_benign_vs_adversarial,per_model_channel_regime_within_defense,Llama3.1-8B,url,Baseline,none,0,100,77,100,77.0,0.0,1.1119742785180067e-34,1.367728362577148e-32,True
A_benign_vs_adversarial,per_model_channel_regime_within_defense,Llama3.1-8B,url,Prompt-only,budget_cap,50,100,99,100,99.0,50.0,1.5264392291627324e-17,1.5417036214543597e-15,True
A_benign_vs_adversarial,per_model_channel_regime_within_defense,Llama3.1-8B,url,Prompt-only,d_mtd,50,100,47,100,47.0,50.0,0.7772865849198713,1.0,False
A_benign_vs_adversarial,per_model_channel_regime_within_defense,Llama3.1-8B,url,Prompt-only,early_abort,50,100,10,100,10.0,50.0,5.549046052049071e-10,4.938650986323673e-08,True
A_benign_vs_adversarial,per_model_channel_regime_within_defense,Llama3.1-8B,url,Prompt-only,none,50,100,86,100,86.0,50.0,6.208061384846358e-08,5.401013404816332e-06,True
A_benign_vs_adversarial,per_model_channel_regime_within_defense,Llama3.1-8B,url,Controller-only,budget_cap,0,60,60,60,100.0,0.0,2.070073888186964e-35,2.9188041823436194e-33,True
A_benign_vs_adversarial,per_model_channel_regime_within_defense,Llama3.1-8B,url,Controller-only,d_mtd,0,60,0,60,0.0,0.0,1.0,1.0,False
A_benign_vs_adversarial,per_model_channel_regime_within_defense,Llama3.1-8B,url,Controller-only,early_abort,0,60,6,60,10.0,0.0,0.027411633549740966,1.0,False
A_benign_vs_adversarial,per_model_channel_regime_within_defense,Llama3.1-8B,url,Controller-only,none,0,60,60,60,100.0,0.0,2.070073888186964e-35,2.9188041823436194e-33,True
A_benign_vs_adversarial,per_model_channel_regime_within_defense,Llama3.1-8B,url,Conservative,budget_cap,0,60,60,60,100.0,0.0,2.070073888186964e-35,2.9188041823436194e-33,True
A_benign_vs_adversarial,per_model_channel_regime_within_defense,Llama3.1-8B,url,Conservative,d_mtd,0,60,0,60,0.0,0.0,1.0,1.0,False
A_benign_vs_adversarial,per_model_channel_regime_within_defense,Llama3.1-8B,url,Conservative,early_abort,0,60,10,60,16.67,0.0,0.0012991334653512415,0.10133241029739684,False
A_benign_vs_adversarial,per_model_channel_regime_within_defense,Llama3.1-8B,url,Conservative,none,0,60,60,60,100.0,0.0,2.070073888186964e-35,2.9188041823436194e-33,True
A_benign_vs_adversarial,per_model_channel_regime_within_defense,Mistral-7B,url,Baseline,budget_cap,0,100,0,100,0.0,0.0,1.0,1.0,False
A_benign_vs_adversarial,per_model_channel_regime_within_defense,Mistral-7B,url,Baseline,d_mtd,0,100,1,100,1.0,0.0,1.0,1.0,False
A_benign_vs_adversarial,per_model_channel_regime_within_defense,Mistral-7B,url,Baseline,early_abort,0,100,0,100,0.0,0.0,1.0,1.0,False
A_benign_vs_adversarial,per_model_channel_regime_within_defense,Mistral-7B,url,Baseline,none,0,100,0,100,0.0,0.0,1.0,1.0,False
A_benign_vs_adversarial,per_model_channel_regime_within_defense,Mistral-7B,url,Prompt-only,budget_cap,0,100,48,100,48.0,0.0,3.847782935876534e-18,3.96321642395283e-16,True
A_benign_vs_adversarial,per_model_channel_regime_within_defense,Mistral-7B,url,Prompt-only,d_mtd,0,100,37,100,37.0,0.0,2.392725194914819e-13,2.297016187118226e-11,True
A_benign_vs_adversarial,per_model_channel_regime_within_defense,Mistral-7B,url,Prompt-only,early_abort,0,100,6,100,6.0,0.0,0.028930282023157568,1.0,False
A_benign_vs_adversarial,per_model_channel_regime_within_defense,Mistral-7B,url,Prompt-only,none,0,100,41,98,41.84,0.0,1.3768966557357106e-15,1.3493587226209964e-13,True
A_benign_vs_adversarial,per_model_channel_regime_within_defense,Mistral-7B,url,Controller-only,budget_cap,0,60,60,60,100.0,0.0,2.070073888186964e-35,2.9188041823436194e-33,True
A_benign_vs_adversarial,per_model_channel_regime_within_defense,Mistral-7B,url,Controller-only,d_mtd,0,59,0,60,0.0,0.0,1.0,1.0,False
A_benign_vs_adversarial,per_model_channel_regime_within_defense,Mistral-7B,url,Controller-only,early_abort,0,60,12,60,20.0,0.0,0.00026546096664808517,0.021502338298494898,True
A_benign_vs_adversarial,per_model_channel_regime_within_defense,Mistral-7B,url,Controller-only,none,0,60,60,60,100.0,0.0,2.070073888186964e-35,2.9188041823436194e-33,True
A_benign_vs_adversarial,per_model_channel_regime_within_defense,Mistral-7B,url,Conservative,budget_cap,0,60,60,60,100.0,0.0,2.070073888186964e-35,2.9188041823436194e-33,True
A_benign_vs_adversarial,per_model_channel_regime_within_defense,Mistral-7B,url,Conservative,d_mtd,0,60,0,60,0.0,0.0,1.0,1.0,False
A_benign_vs_adversarial,per_model_channel_regime_within_defense,Mistral-7B,url,Conservative,early_abort,0,60,3,60,5.0,0.0,0.2436974789915967,1.0,False
A_benign_vs_adversarial,per_model_channel_regime_within_defense,Mistral-7B,url,Conservative,none,0,60,60,60,100.0,0.0,2.070073888186964e-35,2.9188041823436194e-33,True
A_benign_vs_adversarial,per_model_channel_regime_within_defense,Qwen2.5-14B,rag,Baseline,budget_cap,0,40,15,40,37.5,0.0,1.2123608861199174e-05,0.0010183831443407306,True
A_benign_vs_adversarial,per_model_channel_regime_within_defense,Qwen2.5-14B,rag,Baseline,early_abort,0,40,0,40,0.0,0.0,1.0,1.0,False
A_benign_vs_adversarial,per_model_channel_regime_within_defense,Qwen2.5-14B,rag,Baseline,none,0,40,1,40,2.5,0.0,1.0,1.0,False
A_benign_vs_adversarial,per_model_channel_regime_within_defense,Qwen2.5-14B,rag,Baseline,rag_d_mtd,0,40,0,40,0.0,0.0,1.0,1.0,False
A_benign_vs_adversarial,per_model_channel_regime_within_defense,Qwen2.5-14B,rag,Prompt-only,budget_cap,0,40,17,40,42.5,0.0,1.7485974319037272e-06,0.00015037937914372053,True
A_benign_vs_adversarial,per_model_channel_regime_within_defense,Qwen2.5-14B,rag,Prompt-only,early_abort,0,40,0,40,0.0,0.0,1.0,1.0,False
A_benign_vs_adversarial,per_model_channel_regime_within_defense,Qwen2.5-14B,rag,Prompt-only,none,0,40,1,40,2.5,0.0,1.0,1.0,False
A_benign_vs_adversarial,per_model_channel_regime_within_defense,Qwen2.5-14B,rag,Prompt-only,rag_d_mtd,0,40,0,40,0.0,0.0,1.0,1.0,False
A_benign_vs_adversarial,per_model_channel_regime_within_defense,Qwen2.5-14B,rag,Controller-only,budget_cap,0,40,40,40,100.0,0.0,1.8603403656036264e-23,2.0835812094760614e-21,True
A_benign_vs_adversarial,per_model_channel_regime_within_defense,Qwen2.5-14B,rag,Controller-only,early_abort,0,40,5,40,12.5,0.0,0.05474272562880158,1.0,False
A_benign_vs_adversarial,per_model_channel_regime_within_defense,Qwen2.5-14B,rag,Controller-only,none,0,40,40,40,100.0,0.0,1.8603403656036264e-23,2.0835812094760614e-21,True
A_benign_vs_adversarial,per_model_channel_regime_within_defense,Qwen2.5-14B,rag,Controller-only,rag_d_mtd,0,40,4,40,10.0,0.0,0.11556797632746996,1.0,False
A_benign_vs_adversarial,per_model_channel_regime_within_defense,Qwen2.5-14B,rag,Conservative,budget_cap,0,40,40,40,100.0,0.0,1.8603403656036264e-23,2.0835812094760614e-21,True
A_benign_vs_adversarial,per_model_channel_regime_within_defense,Qwen2.5-14B,rag,Conservative,early_abort,0,40,2,40,5.0,0.0,0.49367088607594933,1.0,False
A_benign_vs_adversarial,per_model_channel_regime_within_defense,Qwen2.5-14B,rag,Conservative,none,0,40,40,40,100.0,0.0,1.8603403656036264e-23,2.0835812094760614e-21,True
A_benign_vs_adversarial,per_model_channel_regime_within_defense,Qwen2.5-14B,rag,Conservative,rag_d_mtd,0,40,7,40,17.5,0.0,0.011737629459148446,0.8803222094361335,False
A_benign_vs_adversarial,per_model_channel_regime_within_defense,Qwen2.5-7B,rag,Baseline,budget_cap,0,40,10,40,25.0,0.0,0.0010296563497510115,0.08134285163032991,False
A_benign_vs_adversarial,per_model_channel_regime_within_defense,Qwen2.5-7B,rag,Baseline,early_abort,0,40,0,40,0.0,0.0,1.0,1.0,False
A_benign_vs_adversarial,per_model_channel_regime_within_defense,Qwen2.5-7B,rag,Baseline,none,0,40,2,40,5.0,0.0,0.49367088607594933,1.0,False
A_benign_vs_adversarial,per_model_channel_regime_within_defense,Qwen2.5-7B,rag,Baseline,rag_d_mtd,0,40,0,40,0.0,0.0,1.0,1.0,False
A_benign_vs_adversarial,per_model_channel_regime_within_defense,Qwen2.5-7B,rag,Prompt-only,budget_cap,0,40,12,40,30.0,0.0,0.00018546605057626913,0.015208216147254068,True
A_benign_vs_adversarial,per_model_channel_regime_within_defense,Qwen2.5-7B,rag,Prompt-only,early_abort,0,40,0,40,0.0,0.0,1.0,1.0,False
A_benign_vs_adversarial,per_model_channel_regime_within_defense,Qwen2.5-7B,rag,Prompt-only,none,0,40,0,40,0.0,0.0,1.0,1.0,False
A_benign_vs_adversarial,per_model_channel_regime_within_defense,Qwen2.5-7B,rag,Prompt-only,rag_d_mtd,0,40,0,40,0.0,0.0,1.0,1.0,False
A_benign_vs_adversarial,per_model_channel_regime_within_defense,Qwen2.5-7B,rag,Controller-only,budget_cap,0,40,40,40,100.0,0.0,1.8603403656036264e-23,2.0835812094760614e-21,True
A_benign_vs_adversarial,per_model_channel_regime_within_defense,Qwen2.5-7B,rag,Controller-only,early_abort,0,40,5,40,12.5,0.0,0.05474272562880158,1.0,False
A_benign_vs_adversarial,per_model_channel_regime_within_defense,Qwen2.5-7B,rag,Controller-only,none,0,40,40,40,100.0,0.0,1.8603403656036264e-23,2.0835812094760614e-21,True
A_benign_vs_adversarial,per_model_channel_regime_within_defense,Qwen2.5-7B,rag,Controller-only,rag_d_mtd,0,40,5,40,12.5,0.0,0.05474272562880158,1.0,False
A_benign_vs_adversarial,per_model_channel_regime_within_defense,Qwen2.5-7B,rag,Conservative,budget_cap,0,40,40,40,100.0,0.0,1.8603403656036264e-23,2.0835812094760614e-21,True
A_benign_vs_adversarial,per_model_channel_regime_within_defense,Qwen2.5-7B,rag,Conservative,early_abort,0,40,7,40,17.5,0.0,0.011737629459148446,0.8803222094361335,False
A_benign_vs_adversarial,per_model_channel_regime_within_defense,Qwen2.5-7B,rag,Conservative,none,0,40,40,40,100.0,0.0,1.8603403656036264e-23,2.0835812094760614e-21,True
A_benign_vs_adversarial,per_model_channel_regime_within_defense,Qwen2.5-7B,rag,Conservative,rag_d_mtd,0,40,4,40,10.0,0.0,0.11556797632746996,1.0,False
